"refkey1","refdata1","refkey2","refdata2","refdata3","refdata4"
"Pranay1","10.0","Sontakke1","10.0","10.0","10.0"
"prana2","20.0","Sontakke2","20.0","20.0","20.0"
"Pranay3","30.0","Sontakke3","30.0","30.0","30.0"
"Pranay4","40.0","Sonttakke4","40.0","40.0","40.0"
"Pranay5","50.0","Sontakke5","50.0","50.0","50.0"
"Pranay6","60.0","Sontakke6","60.0","60.0","60.0"
"Pranay7","70.0","Sontakke7","70.0","70.0","70.0"
"Pranay8","80.0","Sontakke8","80.0","80.0","80.0"
"Pranay9","90.0","Sontakke9","90.0","90.0","90.0"
"Pranay10","100.0","Sontakke10","100.0","100.0","100.0"